{
  "version": 2,
  "x_rel": [
    0.2331182349436705,
    0.40899434065129,
    0.5787352333691086,
    0.7443859840937268
  ],
  "y_rel": [
    0.13948334527220632,
    0.2583945200573066,
    0.3859016833810889,
    0.5019475286532952,
    0.6251566977077364,
    0.7397698782234958,
    0.8601137177650431
  ],
  "disabled": []
}