{
  "version": 2,
  "x_rel": [
    0.1747311827956989,
    0.3059139784946236,
    0.4489247311827957,
    0.5908602150537634,
    0.7145161290322579,
    0.8532258064516128
  ],
  "y_rel": [
    0.20872626607415198,
    0.39871321033887147,
    0.6023792145906507,
    0.7498090833400731
  ],
  "disabled": []
}